,count,mean,std,min,25%,50%,75%,max
ratingsCount,49752.0,21.25297475478373,201.34043063142792,1.0,1.0,2.0,5.0,4895.0
